userId|username|hashedPass|lastUpdate
1|'theshiningant'|'1f489582f7ea4c208b70219a2bb6a322227a7516630530a10ed7f2710cfbe447'|'2020-11-29 22:17:00'
2|'muttonsurfing'|'0b14d501a594442a01c6859541bcb3e8164d183d32937b851835442f69d5c94e'|'2020-11-29 22:17:00'
3|'owlcowglove'|'6cf615d5bcaac778352a8f1f3360d23f02f34ec182e259897fd6ce485d7870d4'|'2020-11-29 22:17:00'
4|'bagelthekid'|'5906ac361a137e2d286465cd6588ebb5ac3f5ae955001100bc41577c3d751764'|'2020-11-29 22:17:00'
5|'pathsofglory'|'b97873a40f73abedd8d685a7cd5e5f85e4a9cfb83eac26886640a0813850122b'|'2020-11-29 22:17:00'
6|'jadeitestone'|'8b2c86ea9cf2ea4eb517fd1e06b74f399e7fec0fef92e3b482a6cf2e2b092023'|'2020-11-29 22:17:00'
7|'hamryefishing'|'598a1a400c1dfdf36974e69d7e1bc98593f2e15015eed8e9b7e47a83b31693d5'|'2020-11-29 22:17:00'
8|'piscesaries'|'5860836e8f13fc9837539a597d4086bfc0299e54ad92148d54538b5c3feefb7c'|'2020-11-29 22:17:00'
9|'floralpasta'|'57f3ebab63f156fd8f776ba645a55d96360a15eeffc8b0e4afe4c05fa88219aa'|'2020-11-29 22:17:00'
10|'standbymepls'|'9323dd6786ebcbf3ac87357cc78ba1abfda6cf5e55cd01097b90d4a286cac90e'|'2020-11-29 22:17:00'
11|'spiderotter'|'aa4a9ea03fcac15b5fc63c949ac34e7b0fd17906716ac3b8e58c599cdc5a52f0'|'2020-11-29 22:17:00'
12|'webcokeant'|'53d453b0c08b6b38ae91515dc88d25fbecdd1d6001f022419629df844f8ba433'|'2020-11-29 22:17:00'
13|'omeganebula'|'b3d17ebbe4f2b75d27b6309cfaae1487b667301a73951e7d523a039cd2dfe110'|'2020-11-29 22:17:00'
14|'triangulum'|'48caafb68583936afd0d78a7bfd7046d2492fad94f3c485915f74bb60128620d'|'2020-11-29 22:17:00'
15|'lettuceweb'|'c6863e1db9b396ed31a36988639513a1c73a065fab83681f4b77adb648fac3d6'|'2020-11-29 22:17:00'
16|'soybeansand'|'c63c2d34ebe84032ad47b87af194fedd17dacf8222b2ea7f4ebfee3dd6db2dfb'|'2020-11-29 22:17:00'
17|'polarboots'|'17a3379984b560dc311bb921b7a46b28aa5cb495667382f887a44a7fdbca7a7a'|'2020-11-29 22:17:00'
18|'footballman'|'69bfb918de05145fba9dcee9688dfb23f6115845885e48fa39945eebb99d8527'|'2020-11-29 22:17:00'
19|'icecreambear'|'d2042d75a67922194c045da2600e1c92ff6d87e8fb6e0208606665f2d1dfa892'|'2020-11-29 22:17:00'
20|'findingemo'|'5790ac3d0b8ae8afc72c2c6fb97654f2b73651c328de0a3b74854ade562dd17a'|'2020-11-29 22:17:00'
21|'tenniscake'|'7535d8f2d8c35d958995610f971287288ab5e8c82a3c4fdc2b6fb5d757a5b9f8'|'2020-11-29 22:17:00'
22|'marsexpress'|'91a9ef3563010ea1af916083f9fb03a117d4d0d2a697f82368da1f737629f717'|'2020-11-29 22:17:00'
23|'sandwichire'|'d23c1038532dc71d0a60a7fb3d330d7606b7520e9e5ee0ddcdb27ee1bd5bc0cd'|'2020-11-29 22:17:00'
24|'waterfallian'|'8b807aa0505a00b3ef49e26a2ade8e31fcd6c700d1a3aeee971b49d73da8e8ff'|'2020-11-29 22:17:00'
25|'lambchopwatermelon'|'fc8a9296208a0b281f84690423c5d77785e493f435e6292cc322840f543729d3'|'2020-11-29 22:17:00'
26|'trumpetstyx'|'0b544d6d8da1d1af25318e97e0ac5f6bc70bba49919463dc0074ede01a49d381'|'2020-11-29 22:17:00'
27|'ryemeadownet'|'869f2a98b0e3a6ea928ff0542330ea3c1e0ff8591801693350f1fc3f1e57e4c5'|'2020-11-29 22:17:00'
28|'dogsavannah'|'9c7568513b9c85e73f3650c8b00e3259501096ccee9d3dbdae6ff5e84aabe3af'|'2020-11-29 22:17:00'
29|'galileoleo'|'6f5ea1c4acc7a563ea8cb3381a55f0183a2394d679ebb7db8312e047bbf87e0d'|'2020-11-29 22:17:00'
30|'quasarfirefly'|'48a94846b2a7386432b90ad13bcf9c66f1efdd3a97e0e14968c262c412fe22c8'|'2020-11-29 22:17:00'
31|'leafybat'|'7c682dea8e934e04343374e3d25cd51edce9cbeb47f7034296052cb5cd6bed84'|'2020-11-29 22:17:00'
32|'generalchickenegg'|'a4239ae1725466d26621f102d58c1541c84ff1142f4341c7b66be92e32396d45'|'2020-11-29 22:17:00'
33|'gallantbeans'|'078aa4687601ab09b1f7581014674b3bf1a3aa68b12c346d01024f1f5206f94b'|'2020-11-29 22:17:00'
34|'theviolatempo'|'ee13b7d4c8c0595dcabf6016290d65d8a50163569368db690595d5acaa5a168b'|'2020-11-29 22:17:00'
35|'lizardatsea'|'72f1ffa2d7a9c9d60c2369fffce54372eea054d567c77f8a518f4f4c06b3856a'|'2020-11-29 22:17:00'
36|'pandanet'|'5bd40f88c4a6b2c20256389878ec2b59515ca478eb3eb0f3673663273bcb639b'|'2020-11-29 22:17:00'
37|'thelegend27'|'9777509ca199ac591368c5cfa9ef92b4879ff99098b7e34865172a5ea983542e'|'2020-11-29 22:17:00'
38|'singingrice'|'ca02485287fd4f05de9540613f8ba982e99080b66f8452024cb4c4cc3de7042e'|'2020-11-29 22:17:00'
39|'colonelhamburger'|'014d020993865f93b80ec587e171554db5b45a1a46a9101510de52e148aa184f'|'2020-11-29 22:17:00'
40|'crispychaos'|'f245ffb6352c8c101b0f9ed1187104f11e0a64622cc5da7082aef963dea5a83f'|'2020-11-29 22:17:00'
